[
  {
    "model": "transporte.Provincia",
    "pk": 1,
    "fields": {
      "nombre": "BUENOS AIRES"
    }
  },
  {
    "model": "transporte.Provincia",
    "pk": 2,
    "fields": {
      "nombre": "CORDOBA"
    }
  },
  {
    "model": "transporte.Provincia",
    "pk": 3,
    "fields": {
      "nombre": "LA RIOJA"
    }
  },
  {
    "model": "transporte.Provincia",
    "pk": 4,
    "fields": {
      "nombre": "SALTA"
    }
  },
  {
    "model": "transporte.Provincia",
    "pk": 5,
    "fields": {
      "nombre": "NEUQUEN"
    }
  },
  {
    "model": "transporte.Ciudad",
    "pk": 1,
    "fields": {
      "nombre": "LA PLATA",
      "provincia": 1
    }
  },
  {
    "model": "transporte.Ciudad",
    "pk": 2,
    "fields": {
      "nombre": "VILLA MARIA",
      "provincia": 2
    }
  },
  {
    "model": "transporte.Ciudad",
    "pk": 3,
    "fields": {
      "nombre": "CHILECITO",
      "provincia": 3
    }
  },
  {
    "model": "transporte.Ciudad",
    "pk": 4,
    "fields": {
      "nombre": "TARTAGAL",
      "provincia": 4
    }
  },
  {
    "model": "transporte.Ciudad",
    "pk": 5,
    "fields": {
      "nombre": "CUTRAL CO",
      "provincia": 5
    }
  },
  {
    "model": "transporte.Direccion",
    "pk": 1,
    "fields": {
      "calle": "SAN MARTIN",
      "numero": 100,
      "ciudad": 1
    }
  },
  {
    "model": "transporte.Direccion",
    "pk": 2,
    "fields": {
      "calle": "AVENIDA PRINCIPAL",
      "numero": 200,
      "ciudad": 2
    }
  },
  {
    "model": "transporte.Direccion",
    "pk": 3,
    "fields": {
      "calle": "AVENIDA BRASIL",
      "numero": 2435,
      "ciudad": 2
    }
  },
  {
    "model": "transporte.Direccion",
    "pk": 3,
    "fields": {
      "calle": "AVENIDA BRASIL",
      "numero": 2435,
      "ciudad": 2
    }
  },
  {
    "model": "transporte.Direccion",
    "pk": 4,
    "fields": {
      "calle": "CALLE LIBERTADOR",
      "numero": 500,
      "ciudad": 3
    }
  },
  {
    "model": "transporte.Direccion",
    "pk": 5,
    "fields": {
      "calle": "CALLE INDEPENDENCIA",
      "numero": 750,
      "ciudad": 4
    }
  },


  {
    "model": "transporte.TipoDocumento",
    "pk": 1,
    "fields": {
      "nombre": "DNI"
    }
  },
  {
    "model": "transporte.TipoDocumento",
    "pk": 2,
    "fields": {
      "nombre": "PASAPORTE"
    }
  },
  {
    "model": "transporte.TipoDocumento",
    "pk": 3,
    "fields": {
      "nombre": "CUIT"
    }
  },
  

{
    "model": "transporte.Sucursal",
    "pk": 1,
    "fields": {
      "nombre": "CENTRAL",
      "direccion": 1
    }
  },
  {
    "model": "transporte.Sucursal",
    "pk": 2,
    "fields": {
      "nombre": "SUCURSAL CORDOBA",
      "direccion": 2
    }
  },
  {
    "model": "transporte.Sucursal",
    "pk": 3,
    "fields": {
      "nombre": "SUCURSAL LA RIOJA",
      "direccion": 3
    }
  },
  {
    "model": "transporte.Sucursal",
    "pk": 4,
    "fields": {
      "nombre": "SUCURSAL SALTA",
      "direccion": 4
    }
  },
  
  {
    "model": "transporte.TipoVehiculo",
    "pk": 1,
    "fields": {
      "nombre": "CAMION"
    }
  },
  {
    "model": "transporte.TipoVehiculo",
    "pk": 2,
    "fields": {
      "nombre": "FURGONETA"
    }
  },
  {
    "model": "transporte.Empleado",
    "pk": 1,
    "fields": {
      "nombre": "JUAN",
      "apellido": "PEREZ",
      "nro_documento": 12345678,
      "fecha_contratacion": "2020-01-10",
      "direccion": 1,
      "sucursal": 1,
      "tipo_documento": 1
    }
  },
  {
    "model": "transporte.Empleado",
    "pk": 2,
    "fields": {
      "nombre": "MARIA",
      "apellido": "GOMEZ",
      "nro_documento": 23456789,
      "fecha_contratacion": "2023-06-01",
      "direccion": 2,
      "sucursal": 2,
      "tipo_documento": 2
    }
  },
  {
    "model": "transporte.Cliente",
    "pk": 1,
    "fields": {
      "nombre": "CARLOS",
      "apellido": "RAMIREZ",
      "telefono": "3534654245",
      "nro_documento": 31234567,
      "tipo_documento": 1,
      "direccion": 1
    }
  },
  {
    "model": "transporte.Cliente",
    "pk": 2,
    "fields": {
      "nombre": "LUISA",
      "apellido": "MARTINEZ",
      "telefono": "3537854245",
      "nro_documento": 32346444,
      "tipo_documento": 1,
      "direccion": 2
    }
  },
  {
    "model": "transporte.Vehiculo",
    "pk": "AB123CD",
    "fields": {
      "capacidad_carga": "1000.00",
      "empleado": 1,
      "tipo_vehiculo": 1
    }
  },
  {
    "model": "transporte.Vehiculo",
    "pk": "CD456EF",
    "fields": {
      "capacidad_carga": "800.00",
      "empleado": 2,
      "tipo_vehiculo": 2
    }
  },
  {
    "model": "transporte.Vehiculo",
    "pk": "FFF789GH",
    "fields": {
      "capacidad_carga": "1000.00",
      "empleado": 2,
      "tipo_vehiculo": 2
    }
  },
  {
    "model": "transporte.Envio",
    "pk": 1,
    "fields": {
      "fecha_envio": "2025-06-25T10:00:00Z",
      "sucursal": 1,
      "cliente": 1,
      "estado": "EN_CAMINO",
      "vehiculo": "AB123CD"
    }
  },
  {
    "model": "transporte.Envio",
    "pk": 2,
    "fields": {
      "fecha_envio": "2025-06-26T15:00:00Z",
      "sucursal": 2,
      "cliente": 2,
      "estado": "ENTREGADO",
      "vehiculo": "CD456EF"
    }
  },
  {
    "model": "transporte.Paquete",
    "pk": 1,
    "fields": {
      "peso": "10.5",
      "ancho": "30.0",
      "alto": "20.0",
      "longitud": "15.0",
      "descripcion": "Libros escolares",
      "envio": 1
    }
  },
  {
    "model": "transporte.Paquete",
    "pk": 2,
    "fields": {
      "peso": "25.0",
      "ancho": "50.0",
      "alto": "40.0",
      "longitud": "30.0",
      "descripcion": "Electrodomésticos",
      "envio": 2
    }
  },
  {
    "model": "transporte.Paquete",
    "pk": 3,
    "fields": {
        "peso": "5.0",
        "ancho": "20.0",
        "alto": "10.0",
        "longitud": "15.0",
        "descripcion": "Ropa de invierno",
        "envio": 1
    }
  },
  {
    "model": "transporte.Paquete",
    "pk": 4,
    "fields": {
        "peso": "12.0",
        "ancho": "35.0",
        "alto": "25.0",
        "longitud": "20.0",
        "descripcion": "Material de oficina",
        "envio": 2
  }
  },
  {
    "model": "transporte.Paquete",
    "pk": 5,
    "fields": {
        "peso": "7.5",
        "ancho": "28.0",
        "alto": "18.0",
        "longitud": "22.0",
        "descripcion": "Juguetes",
        "envio": 2
  }
  },
  {
    "model": "transporte.Paquete",
    "pk": 6,
    "fields": {
        "peso": "30.0",
        "ancho": "60.0",
        "alto": "45.0",
        "longitud": "35.0",
        "descripcion": "Herramientas de trabajo",
        "envio": 2
    }
  }

]
